{"stats":{"minecraft:mined":{"minecraft:furnace":1,"minecraft:birch_log":7,"minecraft:iron_ore":8,"minecraft:andesite":12,"minecraft:birch_leaves":1,"minecraft:crafting_table":2,"minecraft:granite":6,"minecraft:short_grass":11,"minecraft:oak_log":11,"minecraft:grass_block":11,"minecraft:coal_ore":11,"minecraft:dirt":10,"minecraft:tall_grass":6,"minecraft:stone":40,"minecraft:sugar_cane":2,"minecraft:oak_leaves":2},"minecraft:used":{"minecraft:stone_pickaxe":73,"minecraft:wooden_pickaxe":5,"minecraft:stone_axe":28,"minecraft:dirt":3,"minecraft:crafting_table":2,"minecraft:furnace":1,"minecraft:granite":6},"minecraft:custom":{"minecraft:time_since_rest":10222,"minecraft:interact_with_furnace":1,"minecraft:sprint_one_cm":23018,"minecraft:damage_taken":85,"minecraft:walk_one_cm":14635,"minecraft:mob_kills":13,"minecraft:drop":1,"minecraft:damage_dealt":560,"minecraft:swim_one_cm":4670,"minecraft:interact_with_crafting_table":3,"minecraft:fly_one_cm":41027,"minecraft:crouch_one_cm":4136,"minecraft:play_time":10222,"minecraft:sneak_time":2043,"minecraft:walk_under_water_one_cm":5860,"minecraft:jump":265,"minecraft:walk_on_water_one_cm":4987,"minecraft:time_since_death":10222,"minecraft:total_world_time":10222,"minecraft:fall_one_cm":3890},"minecraft:dropped":{"minecraft:wheat_seeds":1},"minecraft:crafted":{"minecraft:oak_planks":24,"minecraft:crafting_table":1,"minecraft:stick":8,"minecraft:wooden_pickaxe":1,"minecraft:stone_pickaxe":1,"minecraft:furnace":1,"minecraft:stone_axe":1},"minecraft:picked_up":{"minecraft:birch_log":7,"minecraft:stick":1,"minecraft:crafting_table":2,"minecraft:raw_iron":8,"minecraft:salmon":11,"minecraft:andesite":12,"minecraft:oak_log":11,"minecraft:dirt":20,"minecraft:rotten_flesh":1,"minecraft:wheat_seeds":1,"minecraft:granite":6,"minecraft:oak_sapling":2,"minecraft:sugar_cane":5,"minecraft:coal":12,"minecraft:cobblestone":39,"minecraft:furnace":1},"minecraft:killed":{"minecraft:zombie":1,"minecraft:salmon":12}},"DataVersion":3953}