{"stats":{"minecraft:crafted":{"minecraft:oak_planks":24,"minecraft:cooked_porkchop":11,"minecraft:crafting_table":1,"minecraft:wooden_pickaxe":1,"minecraft:furnace":1,"minecraft:cooked_salmon":3,"minecraft:stone_axe":1,"minecraft:cooked_mutton":9,"minecraft:air":0,"minecraft:shield":1,"minecraft:stick":8,"minecraft:iron_ingot":6,"minecraft:iron_pickaxe":1,"minecraft:stone_pickaxe":1},"minecraft:mined":{"minecraft:crafting_table":2,"minecraft:granite":6,"minecraft:short_grass":19,"minecraft:grass_block":11,"minecraft:tall_grass":6,"minecraft:sugar_cane":3,"minecraft:furnace":1,"minecraft:birch_log":19,"minecraft:iron_ore":8,"minecraft:fire":1,"minecraft:andesite":12,"minecraft:birch_leaves":1,"minecraft:pumpkin":5,"minecraft:oak_log":54,"minecraft:coal_ore":11,"minecraft:dirt":10,"minecraft:stone":47,"minecraft:oak_leaves":3},"minecraft:dropped":{"minecraft:stone_axe":1,"minecraft:wheat_seeds":2,"minecraft:rotten_flesh":1,"minecraft:cobblestone":25,"minecraft:wooden_pickaxe":1,"minecraft:white_wool":1},"minecraft:picked_up":{"minecraft:birch_log":19,"minecraft:crafting_table":2,"minecraft:lilac":3,"minecraft:salmon":11,"minecraft:andesite":12,"minecraft:oak_log":54,"minecraft:dirt":20,"minecraft:wheat_seeds":3,"minecraft:light_gray_wool":1,"minecraft:sugar_cane":7,"minecraft:furnace":1,"minecraft:stick":5,"minecraft:raw_iron":8,"minecraft:pumpkin":5,"minecraft:porkchop":3,"minecraft:rotten_flesh":2,"minecraft:granite":6,"minecraft:oak_sapling":2,"minecraft:mutton":8,"minecraft:coal":12,"minecraft:white_wool":4,"minecraft:cobblestone":46},"minecraft:killed":{"minecraft:pig":3,"minecraft:salmon":12,"minecraft:sheep":5,"minecraft:zombie":2},"minecraft:custom":{"minecraft:interact_with_furnace":18,"minecraft:mob_kills":23,"minecraft:interact_with_crafting_table":8,"minecraft:leave_game":5,"minecraft:time_since_death":43839,"minecraft:sleep_in_bed":2,"minecraft:time_since_rest":19148,"minecraft:sprint_one_cm":83769,"minecraft:damage_taken":340,"minecraft:walk_one_cm":43449,"minecraft:drop":7,"minecraft:damage_dealt":1612,"minecraft:swim_one_cm":6134,"minecraft:fly_one_cm":158990,"minecraft:crouch_one_cm":6844,"minecraft:play_time":43839,"minecraft:sneak_time":2748,"minecraft:walk_under_water_one_cm":5904,"minecraft:jump":770,"minecraft:walk_on_water_one_cm":6401,"minecraft:total_world_time":43839,"minecraft:fall_one_cm":21463},"minecraft:used":{"minecraft:cooked_mutton":1,"minecraft:stone_pickaxe":74,"minecraft:wooden_pickaxe":5,"minecraft:cooked_salmon":3,"minecraft:dirt":20,"minecraft:crafting_table":2,"minecraft:granite":6,"minecraft:iron_pickaxe":8,"minecraft:stone_axe":103,"minecraft:furnace":2,"minecraft:cooked_porkchop":3}},"DataVersion":3953}