{"stats":{"minecraft:mined":{"minecraft:furnace":1,"minecraft:iron_ore":8,"minecraft:birch_log":19,"minecraft:fire":1,"minecraft:birch_leaves":1,"minecraft:andesite":12,"minecraft:pumpkin":5,"minecraft:crafting_table":2,"minecraft:granite":6,"minecraft:short_grass":13,"minecraft:grass_block":11,"minecraft:coal_ore":11,"minecraft:oak_log":54,"minecraft:dirt":10,"minecraft:tall_grass":6,"minecraft:stone":40,"minecraft:sugar_cane":3,"minecraft:oak_leaves":3},"minecraft:used":{"minecraft:cooked_mutton":1,"minecraft:stone_pickaxe":73,"minecraft:wooden_pickaxe":5,"minecraft:cooked_salmon":3,"minecraft:stone_axe":103,"minecraft:dirt":3,"minecraft:crafting_table":2,"minecraft:furnace":2,"minecraft:cooked_porkchop":1,"minecraft:granite":6},"minecraft:custom":{"minecraft:time_since_rest":22827,"minecraft:interact_with_furnace":18,"minecraft:sprint_one_cm":66120,"minecraft:damage_taken":175,"minecraft:walk_one_cm":36691,"minecraft:mob_kills":22,"minecraft:drop":4,"minecraft:damage_dealt":1583,"minecraft:swim_one_cm":4670,"minecraft:interact_with_crafting_table":8,"minecraft:fly_one_cm":112050,"minecraft:crouch_one_cm":5363,"minecraft:play_time":22827,"minecraft:sneak_time":2418,"minecraft:walk_under_water_one_cm":5860,"minecraft:jump":571,"minecraft:leave_game":3,"minecraft:time_since_death":22827,"minecraft:walk_on_water_one_cm":6218,"minecraft:total_world_time":22827,"minecraft:fall_one_cm":14539},"minecraft:dropped":{"minecraft:wheat_seeds":1,"minecraft:cobblestone":25,"minecraft:rotten_flesh":1,"minecraft:white_wool":1},"minecraft:crafted":{"minecraft:oak_planks":24,"minecraft:cooked_porkchop":11,"minecraft:shield":1,"minecraft:crafting_table":1,"minecraft:stick":8,"minecraft:iron_pickaxe":1,"minecraft:wooden_pickaxe":1,"minecraft:iron_ingot":6,"minecraft:stone_pickaxe":1,"minecraft:furnace":1,"minecraft:cooked_salmon":3,"minecraft:stone_axe":1,"minecraft:air":0,"minecraft:cooked_mutton":9},"minecraft:picked_up":{"minecraft:birch_log":19,"minecraft:crafting_table":2,"minecraft:stick":5,"minecraft:raw_iron":8,"minecraft:lilac":3,"minecraft:pumpkin":5,"minecraft:andesite":12,"minecraft:salmon":11,"minecraft:porkchop":3,"minecraft:oak_log":54,"minecraft:dirt":20,"minecraft:rotten_flesh":2,"minecraft:wheat_seeds":1,"minecraft:granite":6,"minecraft:light_gray_wool":1,"minecraft:oak_sapling":2,"minecraft:sugar_cane":7,"minecraft:mutton":8,"minecraft:coal":12,"minecraft:white_wool":4,"minecraft:cobblestone":39,"minecraft:furnace":1},"minecraft:killed":{"minecraft:sheep":5,"minecraft:zombie":2,"minecraft:pig":3,"minecraft:salmon":12}},"DataVersion":3953}