{"stats":{"minecraft:mined":{"minecraft:birch_log":5,"minecraft:birch_leaves":3,"minecraft:sand":6},"minecraft:crafted":{"minecraft:birch_planks":16},"minecraft:picked_up":{"minecraft:birch_log":5,"minecraft:sand":2,"minecraft:birch_planks":26},"minecraft:custom":{"minecraft:jump":14,"minecraft:damage_dealt":56,"minecraft:leave_game":3,"minecraft:play_time":4207,"minecraft:sprint_one_cm":540,"minecraft:damage_taken":20,"minecraft:time_since_death":4207,"minecraft:walk_one_cm":9042,"minecraft:total_world_time":4207,"minecraft:fall_one_cm":209,"minecraft:fly_one_cm":394,"minecraft:time_since_rest":4207}},"DataVersion":3953}