{"stats":{"minecraft:used":{"minecraft:stone_axe":7,"minecraft:sand":4,"minecraft:crafting_table":1,"minecraft:stone_pickaxe":13,"minecraft:wooden_pickaxe":6},"minecraft:mined":{"minecraft:short_grass":1,"minecraft:grass_block":1,"minecraft:dirt":5,"minecraft:birch_log":13,"minecraft:stone":17,"minecraft:birch_leaves":8},"minecraft:crafted":{"minecraft:furnace":1,"minecraft:birch_planks":52,"minecraft:stone_axe":1,"minecraft:crafting_table":1,"minecraft:stick":12,"minecraft:stone_pickaxe":1,"minecraft:wooden_pickaxe":1},"minecraft:picked_up":{"minecraft:birch_log":13,"minecraft:stick":2,"minecraft:birch_planks":12,"minecraft:sand":4,"minecraft:dirt":6,"minecraft:cobblestone":17},"minecraft:dropped":{"minecraft:birch_planks":26},"minecraft:custom":{"minecraft:time_since_rest":6611,"minecraft:crouch_one_cm":1492,"minecraft:play_time":6611,"minecraft:sprint_one_cm":10012,"minecraft:damage_taken":56,"minecraft:walk_one_cm":17907,"minecraft:sneak_time":694,"minecraft:drop":1,"minecraft:jump":81,"minecraft:damage_dealt":20,"minecraft:leave_game":1,"minecraft:time_since_death":6611,"minecraft:total_world_time":6611,"minecraft:interact_with_crafting_table":3,"minecraft:fall_one_cm":2566,"minecraft:fly_one_cm":17111}},"DataVersion":3953}