{"stats":{"minecraft:mined":{"minecraft:crafting_table":1,"minecraft:short_grass":3,"minecraft:oak_log":15,"minecraft:coal_ore":17,"minecraft:stone":19,"minecraft:sugar_cane":3},"minecraft:used":{"minecraft:stone_pickaxe":33,"minecraft:wooden_pickaxe":3,"minecraft:stone_axe":36,"minecraft:dirt":1,"minecraft:crafting_table":1,"minecraft:porkchop":3},"minecraft:custom":{"minecraft:time_since_rest":11739,"minecraft:sprint_one_cm":43922,"minecraft:damage_taken":30,"minecraft:walk_one_cm":22758,"minecraft:mob_kills":19,"minecraft:damage_dealt":1435,"minecraft:interact_with_crafting_table":3,"minecraft:fly_one_cm":95141,"minecraft:crouch_one_cm":2343,"minecraft:play_time":11739,"minecraft:sneak_time":736,"minecraft:jump":393,"minecraft:time_since_death":11739,"minecraft:total_world_time":11739,"minecraft:fall_one_cm":12948},"minecraft:crafted":{"minecraft:oak_planks":60,"minecraft:crafting_table":1,"minecraft:stick":8,"minecraft:wooden_pickaxe":1,"minecraft:stone_pickaxe":1,"minecraft:stone_axe":1},"minecraft:picked_up":{"minecraft:stick":2,"minecraft:crafting_table":1,"minecraft:feather":7,"minecraft:chicken":7,"minecraft:leather":3,"minecraft:porkchop":9,"minecraft:oak_log":15,"minecraft:dirt":1,"minecraft:beef":10,"minecraft:gray_wool":1,"minecraft:oak_sapling":1,"minecraft:sugar_cane":8,"minecraft:mutton":5,"minecraft:coal":17,"minecraft:white_wool":2,"minecraft:cobblestone":19},"minecraft:killed":{"minecraft:sheep":3,"minecraft:pig":5,"minecraft:chicken":7,"minecraft:cow":4}},"DataVersion":3953}