{"stats":{"minecraft:mined":{"minecraft:crafting_table":1,"minecraft:short_grass":4,"minecraft:oak_log":15,"minecraft:coal_ore":17,"minecraft:stone":19,"minecraft:sugar_cane":3},"minecraft:used":{"minecraft:stone_pickaxe":33,"minecraft:birch_sapling":1,"minecraft:wooden_pickaxe":3,"minecraft:stone_axe":51,"minecraft:dirt":1,"minecraft:crafting_table":2,"minecraft:furnace":1,"minecraft:porkchop":3,"minecraft:white_bed":1,"minecraft:egg":4,"minecraft:cooked_beef":4},"minecraft:custom":{"minecraft:time_since_rest":22471,"minecraft:interact_with_furnace":17,"minecraft:sprint_one_cm":117677,"minecraft:damage_taken":30,"minecraft:walk_one_cm":55932,"minecraft:mob_kills":32,"minecraft:drop":2,"minecraft:damage_dealt":2215,"minecraft:swim_one_cm":3846,"minecraft:interact_with_crafting_table":7,"minecraft:fly_one_cm":164816,"minecraft:crouch_one_cm":3908,"minecraft:play_time":37210,"minecraft:sneak_time":1060,"minecraft:walk_under_water_one_cm":88,"minecraft:jump":753,"minecraft:leave_game":2,"minecraft:time_since_death":37210,"minecraft:walk_on_water_one_cm":145,"minecraft:sleep_in_bed":1,"minecraft:total_world_time":37210,"minecraft:fall_one_cm":22467},"minecraft:dropped":{"minecraft:cooked_salmon":8,"minecraft:rotten_flesh":1},"minecraft:crafted":{"minecraft:cooked_beef":10,"minecraft:oak_planks":60,"minecraft:shield":1,"minecraft:crafting_table":1,"minecraft:stick":8,"minecraft:wooden_pickaxe":1,"minecraft:iron_ingot":2,"minecraft:stone_pickaxe":1,"minecraft:furnace":1,"minecraft:white_bed":1,"minecraft:cooked_salmon":8,"minecraft:stone_axe":1,"minecraft:air":0},"minecraft:picked_up":{"minecraft:stick":4,"minecraft:crafting_table":1,"minecraft:feather":15,"minecraft:chicken":15,"minecraft:brown_wool":1,"minecraft:leather":3,"minecraft:porkchop":14,"minecraft:oak_log":15,"minecraft:dirt":2,"minecraft:cooked_salmon":8,"minecraft:rotten_flesh":1,"minecraft:beef":10,"minecraft:gray_wool":1,"minecraft:oak_sapling":3,"minecraft:sugar_cane":8,"minecraft:birch_sapling":1,"minecraft:mutton":8,"minecraft:coal":17,"minecraft:white_wool":4,"minecraft:cobblestone":44,"minecraft:egg":4},"minecraft:killed":{"minecraft:sheep":5,"minecraft:pig":8,"minecraft:chicken":15,"minecraft:cow":4}},"DataVersion":3953}